date,item_id,tile,cloud_pct
2024-06-01,S2B_MSIL2A_20240601T082559_R021_T36RUV_20240601T120958,20240601T120958,0.007027
2024-06-04,S2B_MSIL2A_20240604T083559_R064_T36RTV_20240604T131501,20240604T131501,1.680436
2024-06-06,S2A_MSIL2A_20240606T082611_R021_T36RUV_20240606T142017,20240606T142017,0.002903
2024-06-09,S2A_MSIL2A_20240609T083611_R064_T36RTV_20240609T142859,20240609T142859,3.203665
2024-06-11,S2B_MSIL2A_20240611T082609_R021_T36RUV_20240611T124615,20240611T124615,0.002518
2024-06-14,S2B_MSIL2A_20240614T083559_R064_T36RTV_20240614T131059,20240614T131059,0.938793
2024-06-16,S2A_MSIL2A_20240616T082611_R021_T36RTV_20240616T141224,20240616T141224,0.010491
2024-06-19,S2A_MSIL2A_20240619T083601_R064_T36RTV_20240619T143422,20240619T143422,3.1014
2024-06-21,S2B_MSIL2A_20240621T082559_R021_T36RTV_20240621T123310,20240621T123310,0.972834
2024-06-24,S2B_MSIL2A_20240624T083559_R064_T36RTV_20240624T132753,20240624T132753,5.649739
2024-06-26,S2A_MSIL2A_20240626T082601_R021_T36RTV_20240626T152122,20240626T152122,0.108009
2024-06-29,S2A_MSIL2A_20240629T083601_R064_T36RTV_20240629T142857,20240629T142857,4.534686
2024-07-01,S2B_MSIL2A_20240701T082609_R021_T36RTV_20240701T233924,20240701T233924,0.891416
2024-07-04,S2B_MSIL2A_20240704T083559_R064_T36RTV_20240705T231205,20240705T231205,2.930747
2024-07-09,S2A_MSIL2A_20240709T083601_R064_T36RTV_20240709T132751,20240709T132751,3.323211
2024-07-11,S2B_MSIL2A_20240711T082559_R021_T36RUV_20240711T124206,20240711T124206,0.002369
2024-07-14,S2B_MSIL2A_20240714T083559_R064_T36RTV_20240714T144212,20240714T144212,11.483071
2024-07-16,S2A_MSIL2A_20240716T082601_R021_T36RUV_20240716T142939,20240716T142939,1.512682
2024-07-19,S2A_MSIL2A_20240719T083601_R064_T36RTV_20240719T143956,20240719T143956,0.958759
2024-07-21,S2B_MSIL2A_20240721T082609_R021_T36RTV_20240721T115912,20240721T115912,0.001952
2024-07-24,S2B_MSIL2A_20240724T083559_R064_T36RTV_20240724T131917,20240724T131917,0.708462
2024-07-26,S2A_MSIL2A_20240726T082601_R021_T36RTV_20240726T144449,20240726T144449,8.716151
2024-07-29,S2A_MSIL2A_20240729T083601_R064_T36RUV_20240729T163252,20240729T163252,0.117281
2024-07-31,S2B_MSIL2A_20240731T082559_R021_T36RUV_20240731T103530,20240731T103530,0.31402
2024-08-05,S2A_MSIL2A_20240805T082601_R021_T36RTV_20240805T151446,20240805T151446,0.015651
2024-08-08,S2A_MSIL2A_20240808T083601_R064_T36RTV_20240808T150855,20240808T150855,3.642788
2024-08-10,S2B_MSIL2A_20240810T082609_R021_T36RVV_20240810T120826,20240810T120826,6.092773
2024-08-13,S2B_MSIL2A_20240813T083609_R064_T36RUV_20240813T132924,20240813T132924,7.894427
2024-08-15,S2A_MSIL2A_20240815T082601_R021_T36RTV_20240815T123349,20240815T123349,0.011621
2024-08-18,S2A_MSIL2A_20240818T083601_R064_T36RTV_20240818T121650,20240818T121650,5.076025
2024-08-20,S2B_MSIL2A_20240820T082559_R021_T36RTV_20240820T130351,20240820T130351,0.003837
2024-08-25,S2A_MSIL2A_20240825T082601_R021_T36RUV_20240825T144952,20240825T144952,5.606727
2024-08-30,S2B_MSIL2A_20240830T082609_R021_T36RTV_20240830T131219,20240830T131219,1.495323
2024-09-02,S2B_MSIL2A_20240902T083559_R064_T36RTV_20240902T120359,20240902T120359,0.749719
2024-09-07,S2A_MSIL2A_20240907T083601_R064_T36RUV_20240907T121946,20240907T121946,3.079772
2024-09-09,S2B_MSIL2A_20240909T082559_R021_T36RVV_20240909T130651,20240909T130651,0.908275
2024-09-12,S2B_MSIL2A_20240912T083649_R064_T36RUV_20240912T144030,20240912T144030,0.072135
2024-09-27,S2A_MSIL2A_20240927T083731_R064_T36RUV_20240927T130851,20240927T130851,0.002346
2024-09-29,S2B_MSIL2A_20240929T082639_R021_T36RUV_20240929T114417,20240929T114417,1.091095
2024-10-04,S2A_MSIL2A_20241004T082811_R021_T36RVV_20241004T115852,20241004T115852,5.943988
